ID,area,bedrooms,bathrooms,stories,mainroad,guestroom,basement,hotwaterheating,airconditioning,parking,prefarea,furnishingstatus,price
1,7420,4,2,3,yes,no,no,no,yes,2,yes,furnished,13300000
2,8960,4,4,4,yes,no,no,no,yes,3,no,furnished,12250000
3,9960,3,2,2,yes,no,yes,no,no,2,yes,semi-furnished,12250000
4,7500,4,2,2,yes,no,yes,no,yes,3,yes,furnished,12215000
5,7420,4,1,2,yes,yes,yes,no,yes,2,no,furnished,11410000
6,7500,3,3,1,yes,no,yes,no,yes,2,yes,semi-furnished,10850000
7,8580,4,3,4,yes,no,no,no,yes,2,yes,semi-furnished,10150000
8,16200,5,3,2,yes,no,no,no,no,0,no,unfurnished,10150000
9,8100,4,1,2,yes,yes,yes,no,yes,2,yes,furnished,9870000
10,5750,3,2,4,yes,yes,no,no,yes,1,yes,unfurnished,9800000
11,13200,3,1,2,yes,no,yes,no,yes,2,yes,furnished,9800000
12,6000,4,3,2,yes,yes,yes,yes,no,2,no,semi-furnished,9681000
13,6550,4,2,2,yes,no,no,no,yes,1,yes,semi-furnished,9310000
14,3500,4,2,2,yes,no,no,yes,no,2,no,furnished,9240000
15,7800,3,2,2,yes,no,no,no,no,0,yes,semi-furnished,9240000
16,6000,4,1,2,yes,no,yes,no,no,2,no,semi-furnished,9100000
17,6600,4,2,2,yes,yes,yes,no,yes,1,yes,unfurnished,9100000
18,8500,3,2,4,yes,no,no,no,yes,2,no,furnished,8960000
19,4600,3,2,2,yes,yes,no,no,yes,2,no,furnished,8890000
20,6420,3,2,2,yes,no,no,no,yes,1,yes,semi-furnished,8855000
21,4320,3,1,2,yes,no,yes,yes,no,2,no,semi-furnished,8750000
22,7155,3,2,1,yes,yes,yes,no,yes,2,no,unfurnished,8680000
23,8050,3,1,1,yes,yes,yes,no,yes,1,no,furnished,8645000
24,4560,3,2,2,yes,yes,yes,no,yes,1,no,furnished,8645000
25,8800,3,2,2,yes,no,no,no,yes,2,no,furnished,8575000
26,6540,4,2,2,yes,yes,yes,no,yes,2,yes,furnished,8540000
27,6000,3,2,4,yes,yes,yes,no,yes,0,yes,semi-furnished,8463000
28,8875,3,1,1,yes,no,no,no,no,1,no,semi-furnished,8400000
29,7950,5,2,2,yes,no,yes,yes,no,2,no,unfurnished,8400000
30,5500,4,2,2,yes,no,yes,no,yes,1,yes,semi-furnished,8400000
31,7475,3,2,4,yes,no,no,no,yes,2,no,unfurnished,8400000
32,7000,3,1,4,yes,no,no,no,yes,2,no,semi-furnished,8400000
33,4880,4,2,2,yes,no,no,no,yes,1,yes,furnished,8295000
34,5960,3,3,2,yes,yes,yes,no,no,1,no,unfurnished,8190000
35,6840,5,1,2,yes,yes,yes,no,yes,1,no,furnished,8120000
36,7000,3,2,4,yes,no,no,no,yes,2,no,furnished,8080940
37,7482,3,2,3,yes,no,no,yes,no,1,yes,furnished,8043000
38,9000,4,2,4,yes,no,no,no,yes,2,no,furnished,7980000
39,6000,3,1,4,yes,yes,no,no,yes,2,no,unfurnished,7962500
40,6000,4,2,4,yes,no,no,no,yes,1,no,semi-furnished,7910000
41,6550,3,1,2,yes,no,yes,no,yes,0,yes,furnished,7875000
42,6360,3,2,4,yes,no,no,no,yes,0,yes,furnished,7840000
43,6480,3,2,4,yes,no,no,no,yes,2,no,unfurnished,7700000
44,6000,4,2,4,yes,no,no,no,no,2,no,semi-furnished,7700000
45,6000,4,2,4,yes,no,no,no,yes,1,no,furnished,7560000
46,6000,3,2,3,yes,no,no,no,yes,0,no,semi-furnished,7560000
47,6000,3,2,4,yes,no,no,no,yes,1,no,furnished,7525000
48,6600,3,1,4,yes,no,no,no,yes,3,yes,furnished,7490000
49,4300,3,2,2,yes,no,yes,no,no,1,no,unfurnished,7455000
50,7440,3,2,1,yes,yes,yes,no,yes,0,yes,semi-furnished,7420000
51,7440,3,2,4,yes,no,no,no,no,1,yes,unfurnished,7420000
52,6325,3,1,4,yes,no,no,no,yes,1,no,unfurnished,7420000
53,6000,4,2,4,yes,yes,no,no,yes,1,no,furnished,7350000
54,5150,3,2,4,yes,no,no,no,yes,2,no,semi-furnished,7350000
55,6000,3,2,2,yes,yes,no,no,yes,1,no,semi-furnished,7350000
56,6000,3,1,2,yes,no,no,no,yes,1,no,unfurnished,7350000
57,11440,4,1,2,yes,no,yes,no,no,1,yes,semi-furnished,7343000
58,9000,4,2,4,yes,yes,no,no,yes,1,yes,furnished,7245000
59,7680,4,2,4,yes,yes,no,no,yes,1,no,semi-furnished,7210000
60,6000,3,2,4,yes,yes,no,no,yes,1,no,furnished,7210000
61,6000,3,2,2,yes,yes,no,no,no,1,no,semi-furnished,7140000
62,8880,2,1,1,yes,no,no,no,yes,1,no,semi-furnished,7070000
63,6240,4,2,2,yes,no,no,no,yes,1,no,furnished,7070000
64,6360,4,2,3,yes,no,no,no,yes,2,yes,furnished,7035000
65,11175,3,1,1,yes,no,yes,no,yes,1,yes,furnished,7000000
66,8880,3,2,2,yes,no,yes,no,yes,1,no,furnished,6930000
67,13200,2,1,1,yes,no,yes,yes,no,1,no,furnished,6930000
68,7700,3,2,1,yes,no,no,no,no,2,no,unfurnished,6895000
69,6000,3,1,1,yes,no,no,no,yes,1,no,furnished,6860000
70,12090,4,2,2,yes,no,no,no,no,2,yes,furnished,6790000
71,4000,3,2,2,yes,no,yes,no,yes,0,yes,semi-furnished,6790000
72,6000,4,2,4,yes,no,no,no,yes,0,no,unfurnished,6755000
73,5020,3,1,4,yes,no,no,no,yes,0,yes,unfurnished,6720000
74,6600,2,2,4,yes,no,yes,no,no,0,yes,furnished,6685000
75,4040,3,1,2,yes,no,yes,yes,no,1,no,furnished,6650000
76,4260,4,2,2,yes,no,no,yes,no,0,no,semi-furnished,6650000
77,6420,3,2,3,yes,no,no,no,yes,0,yes,furnished,6650000
78,6500,3,2,3,yes,no,no,no,yes,0,yes,furnished,6650000
79,5700,3,1,1,yes,yes,yes,no,yes,2,yes,furnished,6650000
80,6000,3,2,3,yes,yes,no,no,yes,0,no,furnished,6650000
81,6000,3,1,2,yes,no,no,yes,no,1,yes,semi-furnished,6629000
82,4000,3,2,2,yes,no,yes,no,yes,1,no,semi-furnished,6615000
83,10500,3,2,1,yes,no,yes,no,yes,1,yes,furnished,6615000
84,6000,3,2,4,yes,no,no,no,yes,0,no,semi-furnished,6580000
85,3760,3,1,2,yes,no,no,yes,no,2,no,semi-furnished,6510000
86,8250,3,2,3,yes,no,no,no,yes,0,no,furnished,6510000
87,6670,3,1,3,yes,no,yes,no,no,0,yes,unfurnished,6510000
88,3960,3,1,1,yes,no,yes,no,no,2,no,semi-furnished,6475000
89,7410,3,1,1,yes,yes,yes,no,yes,2,yes,unfurnished,6475000
90,8580,5,3,2,yes,no,no,no,no,2,no,furnished,6440000
91,5000,3,1,2,yes,no,no,no,yes,0,no,semi-furnished,6440000
92,6750,2,1,1,yes,yes,yes,no,no,2,yes,furnished,6419000
93,4800,3,2,4,yes,yes,no,no,yes,0,no,furnished,6405000
94,7200,3,2,1,yes,no,yes,no,yes,3,no,semi-furnished,6300000
95,6000,4,2,4,yes,no,no,no,no,1,no,semi-furnished,6300000
96,4100,3,2,3,yes,no,no,no,yes,2,no,semi-furnished,6300000
97,9000,3,1,1,yes,no,yes,no,no,1,yes,furnished,6300000
98,6400,3,1,1,yes,yes,yes,no,yes,1,yes,semi-furnished,6300000
99,6600,3,2,3,yes,no,no,no,yes,0,yes,unfurnished,6293000
100,6000,4,1,3,yes,yes,yes,no,no,0,yes,unfurnished,6265000
101,6600,3,2,1,yes,no,yes,no,yes,0,yes,unfurnished,6230000
102,5500,3,1,3,yes,no,no,no,no,1,yes,unfurnished,6230000
103,5500,3,2,4,yes,yes,no,no,yes,1,no,semi-furnished,6195000
104,6350,3,2,3,yes,yes,no,no,yes,0,no,furnished,6195000
105,5500,3,2,1,yes,yes,yes,no,no,2,yes,furnished,6195000
106,4500,3,1,4,yes,no,no,no,yes,0,no,unfurnished,6160000
107,5450,4,2,1,yes,no,yes,no,yes,0,yes,semi-furnished,6160000
108,6420,3,1,3,yes,no,yes,no,no,0,yes,unfurnished,6125000
109,3240,4,1,3,yes,no,no,no,no,1,no,semi-furnished,6107500
110,6615,4,2,2,yes,yes,no,yes,no,1,no,semi-furnished,6090000
111,6600,3,1,1,yes,yes,yes,no,no,2,yes,semi-furnished,6090000
112,8372,3,1,3,yes,no,no,no,yes,2,no,unfurnished,6090000
113,4300,6,2,2,yes,no,no,no,no,0,no,furnished,6083000
114,9620,3,1,1,yes,no,yes,no,no,2,yes,furnished,6083000
115,6800,2,1,1,yes,yes,yes,no,no,2,no,furnished,6020000
116,8000,3,1,1,yes,yes,yes,no,yes,2,yes,semi-furnished,6020000
117,6900,3,2,1,yes,yes,yes,no,no,0,yes,unfurnished,6020000
118,3700,4,1,2,yes,yes,no,no,yes,0,no,furnished,5950000
119,6420,3,1,1,yes,no,yes,no,yes,0,yes,furnished,5950000
120,7020,3,1,1,yes,no,yes,no,yes,2,yes,semi-furnished,5950000
121,6540,3,1,1,yes,yes,yes,no,no,2,yes,furnished,5950000
122,7231,3,1,2,yes,yes,yes,no,yes,0,yes,semi-furnished,5950000
123,6254,4,2,1,yes,no,yes,no,no,1,yes,semi-furnished,5950000
124,7320,4,2,2,yes,no,no,no,no,0,no,furnished,5950000
125,6525,3,2,4,yes,no,no,no,no,1,no,furnished,5950000
126,15600,3,1,1,yes,no,no,no,yes,2,no,semi-furnished,5943000
127,7160,3,1,1,yes,no,yes,no,no,2,yes,unfurnished,5880000
128,6500,3,2,3,yes,no,no,no,yes,0,no,unfurnished,5880000
129,5500,3,1,3,yes,yes,no,no,yes,1,no,furnished,5873000
130,11460,3,1,3,yes,no,no,no,no,2,yes,semi-furnished,5873000
131,4800,3,1,1,yes,yes,yes,no,no,0,no,unfurnished,5866000
132,5828,4,1,4,yes,yes,no,no,no,0,no,semi-furnished,5810000
133,5200,3,1,3,yes,no,no,no,yes,0,no,semi-furnished,5810000
134,4800,3,1,3,yes,no,no,no,yes,0,no,unfurnished,5810000
135,7000,3,1,1,yes,no,yes,no,no,2,yes,semi-furnished,5803000
136,6000,3,2,4,yes,no,no,no,yes,0,no,unfurnished,5775000
137,5400,4,2,2,yes,no,no,no,yes,2,no,unfurnished,5740000
138,4640,4,1,2,yes,no,no,no,no,1,no,semi-furnished,5740000
139,5000,3,1,3,yes,no,no,no,yes,0,no,semi-furnished,5740000
140,6360,3,1,1,yes,yes,yes,no,yes,2,yes,furnished,5740000
141,5800,3,2,4,yes,no,no,no,yes,0,no,unfurnished,5740000
142,6660,4,2,2,yes,yes,yes,no,no,1,yes,semi-furnished,5652500
143,10500,4,2,2,yes,no,no,no,no,1,no,semi-furnished,5600000
144,4800,5,2,3,no,no,yes,yes,no,0,no,unfurnished,5600000
145,4700,4,1,2,yes,yes,yes,no,yes,1,no,furnished,5600000
146,5000,3,1,4,yes,no,no,no,no,0,no,furnished,5600000
147,10500,2,1,1,yes,no,no,no,no,1,no,semi-furnished,5600000
148,5500,3,2,2,yes,no,no,no,no,1,no,semi-furnished,5600000
149,6360,3,1,3,yes,no,no,no,no,0,yes,semi-furnished,5600000
150,6600,4,2,1,yes,no,yes,no,no,0,yes,semi-furnished,5600000
151,5136,3,1,2,yes,yes,yes,no,yes,0,yes,unfurnished,5600000
152,4400,4,1,2,yes,no,no,no,yes,2,yes,semi-furnished,5565000
153,5400,5,1,2,yes,yes,yes,no,yes,0,yes,furnished,5565000
154,3300,3,3,2,yes,no,yes,no,no,0,no,semi-furnished,5530000
155,3650,3,2,2,yes,no,no,no,no,2,no,semi-furnished,5530000
156,6100,3,2,1,yes,no,yes,no,no,2,yes,furnished,5530000
157,6900,3,1,1,yes,yes,yes,no,no,0,yes,semi-furnished,5523000
158,2817,4,2,2,no,yes,yes,no,no,1,no,furnished,5495000
159,7980,3,1,1,yes,no,no,no,no,2,no,semi-furnished,5495000
160,3150,3,2,1,yes,yes,yes,no,yes,0,no,furnished,5460000
161,6210,4,1,4,yes,yes,no,no,yes,0,no,furnished,5460000
162,6100,3,1,3,yes,yes,no,no,yes,0,yes,semi-furnished,5460000
163,6600,4,2,2,yes,yes,yes,no,no,0,yes,semi-furnished,5460000
164,6825,3,1,1,yes,yes,yes,no,yes,0,yes,semi-furnished,5425000
165,6710,3,2,2,yes,yes,yes,no,no,1,yes,furnished,5390000
166,6450,3,2,1,yes,yes,yes,yes,no,0,no,unfurnished,5383000
167,7800,3,1,1,yes,no,yes,no,yes,2,yes,unfurnished,5320000
168,4600,2,2,1,yes,no,no,no,yes,2,no,semi-furnished,5285000
169,4260,4,1,2,yes,no,yes,no,yes,0,no,furnished,5250000
170,6540,4,2,2,no,no,no,no,yes,0,no,semi-furnished,5250000
171,5500,3,2,1,yes,no,yes,no,no,0,no,semi-furnished,5250000
172,10269,3,1,1,yes,no,no,no,no,1,yes,semi-furnished,5250000
173,8400,3,1,2,yes,yes,yes,no,yes,2,yes,unfurnished,5250000
174,5300,4,2,1,yes,no,no,no,yes,0,yes,unfurnished,5250000
175,3800,3,1,2,yes,yes,yes,no,no,1,yes,unfurnished,5250000
176,9800,4,2,2,yes,yes,no,no,no,2,no,semi-furnished,5250000
177,8520,3,1,1,yes,no,no,no,yes,2,no,furnished,5250000
178,6050,3,1,1,yes,no,yes,no,no,0,yes,semi-furnished,5243000
179,7085,3,1,1,yes,yes,yes,no,no,2,yes,semi-furnished,5229000
180,3180,3,2,2,yes,no,no,no,no,2,no,semi-furnished,5215000
181,4500,4,2,1,no,no,yes,no,yes,2,no,semi-furnished,5215000
182,7200,3,1,2,yes,yes,yes,no,no,1,yes,furnished,5215000
183,3410,3,1,2,no,no,no,no,yes,0,no,semi-furnished,5145000
184,7980,3,1,1,yes,no,no,no,no,1,yes,semi-furnished,5145000
185,3000,3,2,2,yes,yes,yes,no,no,0,no,furnished,5110000
186,3000,3,1,2,yes,no,yes,no,no,0,no,unfurnished,5110000
187,11410,2,1,2,yes,no,no,no,no,0,yes,furnished,5110000
188,6100,3,1,1,yes,no,yes,no,yes,0,yes,semi-furnished,5110000
189,5720,2,1,2,yes,no,no,no,yes,0,yes,unfurnished,5075000
190,3540,2,1,1,no,yes,yes,no,no,0,no,semi-furnished,5040000
191,7600,4,1,2,yes,no,no,no,yes,2,no,furnished,5040000
192,10700,3,1,2,yes,yes,yes,no,no,0,no,semi-furnished,5040000
193,6600,3,1,1,yes,yes,yes,no,no,0,yes,furnished,5040000
194,4800,2,1,1,yes,yes,yes,no,no,0,no,semi-furnished,5033000
195,8150,3,2,1,yes,yes,yes,no,no,0,no,semi-furnished,5005000
196,4410,4,3,2,yes,no,yes,no,no,2,no,semi-furnished,4970000
197,7686,3,1,1,yes,yes,yes,yes,no,0,no,semi-furnished,4970000
198,2800,3,2,2,no,no,yes,no,yes,1,no,semi-furnished,4956000
199,5948,3,1,2,yes,no,no,no,yes,0,no,semi-furnished,4935000
200,4200,3,1,2,yes,no,no,no,no,1,no,furnished,4907000
201,4520,3,1,2,yes,no,yes,no,yes,0,no,semi-furnished,4900000
202,4095,3,1,2,no,yes,yes,no,yes,0,no,semi-furnished,4900000
203,4120,2,1,1,yes,no,yes,no,no,1,no,semi-furnished,4900000
204,5400,4,1,2,yes,no,no,no,no,0,no,semi-furnished,4900000
205,4770,3,1,1,yes,yes,yes,no,no,0,no,semi-furnished,4900000
206,6300,3,1,1,yes,no,no,no,yes,2,no,semi-furnished,4900000
207,5800,2,1,1,yes,yes,yes,no,yes,0,no,semi-furnished,4900000
208,3000,3,1,2,yes,no,yes,no,yes,0,no,semi-furnished,4900000
209,2970,3,1,3,yes,no,no,no,no,0,no,semi-furnished,4900000
210,6720,3,1,1,yes,no,no,no,no,0,no,unfurnished,4900000
211,4646,3,1,2,yes,yes,yes,no,no,2,no,semi-furnished,4900000
212,12900,3,1,1,yes,no,no,no,no,2,no,furnished,4900000
213,3420,4,2,2,yes,no,yes,no,yes,2,no,semi-furnished,4893000
214,4995,4,2,1,yes,no,yes,no,no,0,no,semi-furnished,4893000
215,4350,2,1,1,yes,no,yes,no,no,0,no,unfurnished,4865000
216,4160,3,1,3,yes,no,no,no,no,0,no,unfurnished,4830000
217,6040,3,1,1,yes,no,no,no,no,2,yes,semi-furnished,4830000
218,6862,3,1,2,yes,no,no,no,yes,2,yes,furnished,4830000
219,4815,2,1,1,yes,no,no,no,yes,0,yes,semi-furnished,4830000
220,7000,3,1,2,yes,no,yes,no,no,0,no,unfurnished,4795000
221,8100,4,1,4,yes,no,yes,no,yes,2,no,semi-furnished,4795000
222,3420,4,2,2,yes,no,no,no,no,0,no,semi-furnished,4767000
223,9166,2,1,1,yes,no,yes,no,yes,2,no,semi-furnished,4760000
224,6321,3,1,2,yes,no,yes,no,yes,1,no,furnished,4760000
225,10240,2,1,1,yes,no,no,no,yes,2,yes,unfurnished,4760000
226,6440,2,1,1,yes,no,no,no,yes,3,no,semi-furnished,4753000
227,5170,3,1,4,yes,no,no,no,yes,0,no,semi-furnished,4690000
228,6000,2,1,1,yes,no,yes,no,yes,1,no,furnished,4690000
229,3630,3,1,2,yes,no,no,no,no,2,no,semi-furnished,4690000
230,9667,4,2,2,yes,yes,yes,no,no,1,no,semi-furnished,4690000
231,5400,2,1,2,yes,no,no,no,no,0,yes,semi-furnished,4690000
232,4320,3,1,1,yes,no,no,no,no,0,yes,semi-furnished,4690000
233,3745,3,1,2,yes,no,yes,no,no,0,no,furnished,4655000
234,4160,3,1,1,yes,yes,yes,no,yes,0,no,unfurnished,4620000
235,3880,3,2,2,yes,no,yes,no,no,2,no,semi-furnished,4620000
236,5680,3,1,2,yes,yes,no,no,yes,1,no,semi-furnished,4620000
237,2870,2,1,2,yes,yes,yes,no,no,0,yes,semi-furnished,4620000
238,5010,3,1,2,yes,no,yes,no,no,0,no,semi-furnished,4620000
239,4510,4,2,2,yes,no,yes,no,no,0,no,semi-furnished,4613000
240,4000,3,1,2,yes,no,no,no,no,1,no,furnished,4585000
241,3840,3,1,2,yes,no,no,no,no,1,yes,semi-furnished,4585000
242,3760,3,1,1,yes,no,no,no,no,2,no,semi-furnished,4550000
243,3640,3,1,2,yes,no,no,no,yes,0,no,furnished,4550000
244,2550,3,1,2,yes,no,yes,no,no,0,no,furnished,4550000
245,5320,3,1,2,yes,yes,yes,no,no,0,yes,semi-furnished,4550000
246,5360,3,1,2,yes,no,no,no,no,2,yes,unfurnished,4550000
247,3520,3,1,1,yes,no,no,no,no,0,yes,semi-furnished,4550000
248,8400,4,1,4,yes,no,no,no,no,3,no,unfurnished,4550000
249,4100,2,2,1,yes,yes,yes,no,no,0,no,semi-furnished,4543000
250,4990,4,2,2,yes,yes,yes,no,no,0,yes,furnished,4543000
251,3510,3,1,3,yes,no,no,no,no,0,no,semi-furnished,4515000
252,3450,3,1,2,yes,no,yes,no,no,1,no,semi-furnished,4515000
253,9860,3,1,1,yes,no,no,no,no,0,no,semi-furnished,4515000
254,3520,2,1,2,yes,no,no,no,no,0,yes,furnished,4515000
255,4510,4,1,2,yes,no,no,no,yes,2,no,semi-furnished,4480000
256,5885,2,1,1,yes,no,no,no,yes,1,no,unfurnished,4480000
257,4000,3,1,2,yes,no,no,no,no,2,no,furnished,4480000
258,8250,3,1,1,yes,no,no,no,no,0,no,furnished,4480000
259,4040,3,1,2,yes,no,no,no,no,1,no,semi-furnished,4480000
260,6360,2,1,1,yes,no,yes,no,yes,1,no,furnished,4473000
261,3162,3,1,2,yes,no,no,no,yes,1,no,furnished,4473000
262,3510,3,1,2,yes,no,no,no,no,0,no,semi-furnished,4473000
263,3750,2,1,1,yes,yes,yes,no,no,0,no,semi-furnished,4445000
264,3968,3,1,2,no,no,no,no,no,0,no,semi-furnished,4410000
265,4900,2,1,2,yes,no,yes,no,no,0,no,semi-furnished,4410000
266,2880,3,1,2,yes,no,no,no,no,0,yes,semi-furnished,4403000
267,4880,3,1,1,yes,no,no,no,no,2,yes,unfurnished,4403000
268,4920,3,1,2,yes,no,no,no,no,1,no,semi-furnished,4403000
269,4950,4,1,2,yes,no,no,no,yes,0,no,semi-furnished,4382000
270,3900,3,1,2,yes,no,no,no,no,0,no,unfurnished,4375000
271,4500,3,2,3,yes,no,no,yes,no,1,no,furnished,4340000
272,1905,5,1,2,no,no,yes,no,no,0,no,semi-furnished,4340000
273,4075,3,1,1,yes,yes,yes,no,no,2,no,semi-furnished,4340000
274,3500,4,1,2,yes,no,no,no,no,2,no,furnished,4340000
275,6450,4,1,2,yes,no,no,no,no,0,no,semi-furnished,4340000
276,4032,2,1,1,yes,no,yes,no,no,0,no,furnished,4319000
277,4400,2,1,1,yes,no,no,no,no,1,no,semi-furnished,4305000
278,10360,2,1,1,yes,no,no,no,no,1,yes,semi-furnished,4305000
279,3400,3,1,2,yes,no,yes,no,no,2,yes,semi-furnished,4277000
280,6360,2,1,1,yes,no,no,no,no,0,no,furnished,4270000
281,6360,2,1,2,yes,no,no,no,no,0,no,unfurnished,4270000
282,4500,2,1,1,yes,no,no,no,yes,2,no,furnished,4270000
283,2175,3,1,2,no,yes,yes,no,yes,0,no,unfurnished,4270000
284,4360,4,1,2,yes,no,no,no,no,0,no,furnished,4270000
285,7770,2,1,1,yes,no,no,no,no,1,no,furnished,4270000
286,6650,3,1,2,yes,yes,no,no,no,0,no,semi-furnished,4235000
287,2787,3,1,1,yes,no,yes,no,no,0,yes,furnished,4235000
288,5500,3,1,2,yes,no,no,no,yes,0,no,unfurnished,4200000
289,5040,3,1,2,yes,no,yes,no,yes,0,no,unfurnished,4200000
290,5850,2,1,1,yes,yes,yes,no,no,2,no,semi-furnished,4200000
291,2610,4,3,2,no,no,no,no,no,0,no,semi-furnished,4200000
292,2953,3,1,2,yes,no,yes,no,yes,0,no,unfurnished,4200000
293,2747,4,2,2,no,no,no,no,no,0,no,semi-furnished,4200000
294,4410,2,1,1,no,no,no,no,no,1,no,unfurnished,4200000
295,4000,4,2,2,no,no,no,no,no,0,no,semi-furnished,4200000
296,2325,3,1,2,no,no,no,no,no,0,no,semi-furnished,4200000
297,4600,3,2,2,yes,no,no,no,yes,1,no,semi-furnished,4200000
298,3640,3,2,2,yes,no,yes,no,no,0,no,unfurnished,4200000
299,5800,3,1,1,yes,no,no,yes,no,2,no,semi-furnished,4200000
300,7000,3,1,1,yes,no,no,no,no,3,no,furnished,4200000
301,4079,3,1,3,yes,no,no,no,no,0,no,semi-furnished,4200000
302,3520,3,1,2,yes,no,no,no,no,0,yes,semi-furnished,4200000
303,2145,3,1,3,yes,no,no,no,no,1,yes,unfurnished,4200000
304,4500,3,1,1,yes,no,yes,no,no,0,no,furnished,4200000
305,8250,3,1,1,yes,no,yes,no,no,3,no,semi-furnished,4193000
306,3450,3,1,2,yes,no,no,no,no,1,no,semi-furnished,4193000
307,4840,3,1,2,yes,no,no,no,no,1,no,semi-furnished,4165000
308,4080,3,1,2,yes,no,no,no,no,2,no,semi-furnished,4165000
309,4046,3,1,2,yes,no,yes,no,no,1,no,semi-furnished,4165000
310,4632,4,1,2,yes,no,no,no,yes,0,no,semi-furnished,4130000
311,5985,3,1,1,yes,no,yes,no,no,0,no,semi-furnished,4130000
312,6060,2,1,1,yes,no,yes,no,no,1,no,semi-furnished,4123000
313,3600,3,1,1,yes,no,yes,no,yes,0,yes,furnished,4098500
314,3680,3,2,2,yes,no,no,no,no,0,no,semi-furnished,4095000
315,4040,2,1,2,yes,no,no,no,no,1,no,semi-furnished,4095000
316,5600,2,1,1,yes,no,no,no,yes,0,no,semi-furnished,4095000
317,5900,4,2,2,no,no,yes,no,no,1,no,unfurnished,4060000
318,4992,3,2,2,yes,no,no,no,no,2,no,unfurnished,4060000
319,4340,3,1,1,yes,no,no,no,no,0,no,semi-furnished,4060000
320,3000,4,1,3,yes,no,yes,no,yes,2,no,semi-furnished,4060000
321,4320,3,1,2,yes,no,no,no,no,2,yes,furnished,4060000
322,3630,3,2,2,yes,no,no,yes,no,2,no,semi-furnished,4025000
323,3460,3,2,1,yes,no,yes,no,yes,1,no,furnished,4025000
324,5400,3,1,1,yes,no,no,no,no,3,no,semi-furnished,4025000
325,4500,3,1,2,no,no,yes,no,yes,0,no,semi-furnished,4007500
326,3460,4,1,2,yes,no,no,no,yes,0,no,semi-furnished,4007500
327,4100,4,1,1,no,no,yes,no,no,0,no,unfurnished,3990000
328,6480,3,1,2,no,no,no,no,yes,1,no,semi-furnished,3990000
329,4500,3,2,2,no,no,yes,no,yes,0,no,semi-furnished,3990000
330,3960,3,1,2,yes,no,no,no,no,0,no,furnished,3990000
331,4050,2,1,2,yes,yes,yes,no,no,0,yes,unfurnished,3990000
332,7260,3,2,1,yes,yes,yes,no,no,3,no,furnished,3920000
333,5500,4,1,2,yes,yes,yes,no,no,0,no,semi-furnished,3920000
334,3000,3,1,2,yes,no,no,no,no,0,no,semi-furnished,3920000
335,3290,2,1,1,yes,no,no,yes,no,1,no,furnished,3920000
336,3816,2,1,1,yes,no,yes,no,yes,2,no,furnished,3920000
337,8080,3,1,1,yes,no,no,no,yes,2,no,semi-furnished,3920000
338,2145,4,2,1,yes,no,yes,no,no,0,yes,unfurnished,3920000
339,3780,2,1,2,yes,yes,yes,no,no,0,no,semi-furnished,3885000
340,3180,4,2,2,yes,no,no,no,no,0,no,furnished,3885000
341,5300,5,2,2,yes,no,no,no,no,0,no,semi-furnished,3850000
342,3180,2,2,1,yes,no,yes,no,no,2,no,semi-furnished,3850000
343,7152,3,1,2,yes,no,no,no,yes,0,no,furnished,3850000
344,4080,2,1,1,yes,no,no,no,no,0,no,semi-furnished,3850000
345,3850,2,1,1,yes,no,no,no,no,0,no,semi-furnished,3850000
346,2015,3,1,2,yes,no,yes,no,no,0,yes,semi-furnished,3850000
347,2176,2,1,2,yes,yes,no,no,no,0,yes,semi-furnished,3850000
348,3350,3,1,2,yes,no,no,no,no,0,no,unfurnished,3836000
349,3150,2,2,1,no,no,yes,no,no,0,no,semi-furnished,3815000
350,4820,3,1,2,yes,no,no,no,no,0,no,semi-furnished,3780000
351,3420,2,1,2,yes,no,no,yes,no,1,no,semi-furnished,3780000
352,3600,2,1,1,yes,no,no,no,no,0,no,semi-furnished,3780000
353,5830,2,1,1,yes,no,no,no,no,2,no,unfurnished,3780000
354,2856,3,1,3,yes,no,no,no,no,0,yes,furnished,3780000
355,8400,2,1,1,yes,no,no,no,no,1,no,furnished,3780000
356,8250,3,1,1,yes,no,no,no,no,2,no,furnished,3773000
357,2520,5,2,1,no,no,yes,no,yes,1,no,furnished,3773000
358,6930,4,1,2,no,no,no,no,no,1,no,furnished,3773000
359,3480,2,1,1,yes,no,no,no,no,0,yes,semi-furnished,3745000
360,3600,3,1,1,yes,no,no,no,no,1,no,unfurnished,3710000
361,4040,2,1,1,yes,no,no,no,no,0,no,semi-furnished,3710000
362,6020,3,1,1,yes,no,no,no,no,0,no,semi-furnished,3710000
363,4050,2,1,1,yes,no,no,no,no,0,no,furnished,3710000
364,3584,2,1,1,yes,no,no,yes,no,0,no,semi-furnished,3710000
365,3120,3,1,2,no,no,yes,yes,no,0,no,semi-furnished,3703000
366,5450,2,1,1,yes,no,no,no,no,0,no,furnished,3703000
367,3630,2,1,1,yes,no,yes,no,no,0,no,furnished,3675000
368,3630,2,1,1,yes,no,no,no,yes,0,no,unfurnished,3675000
369,5640,2,1,1,no,no,no,no,no,0,no,semi-furnished,3675000
370,3600,2,1,1,yes,no,no,no,no,0,no,furnished,3675000
371,4280,2,1,1,yes,no,no,no,yes,2,no,semi-furnished,3640000
372,3570,3,1,2,yes,no,yes,no,no,0,no,semi-furnished,3640000
373,3180,3,1,2,no,no,yes,no,no,0,no,semi-furnished,3640000
374,3000,2,1,2,yes,no,no,no,yes,0,no,furnished,3640000
375,3520,2,2,1,yes,no,yes,no,no,0,no,semi-furnished,3640000
376,5960,3,1,2,yes,yes,yes,no,no,0,no,unfurnished,3640000
377,4130,3,2,2,yes,no,no,no,no,2,no,semi-furnished,3640000
378,2850,3,2,2,no,no,yes,no,no,0,yes,unfurnished,3640000
379,2275,3,1,3,yes,no,no,yes,yes,0,yes,semi-furnished,3640000
380,3520,3,1,1,yes,no,no,no,no,2,yes,unfurnished,3633000
381,4500,2,1,1,yes,no,no,no,no,0,no,semi-furnished,3605000
382,4000,2,1,1,yes,no,no,no,no,0,yes,semi-furnished,3605000
383,3150,3,1,2,yes,no,yes,no,no,0,no,furnished,3570000
384,4500,4,2,2,yes,no,yes,no,no,2,no,furnished,3570000
385,4500,2,1,1,no,no,no,no,no,0,no,furnished,3570000
386,3640,2,1,1,yes,no,no,no,no,0,no,unfurnished,3570000
387,3850,3,1,1,yes,no,no,no,no,2,no,unfurnished,3535000
388,4240,3,1,2,yes,no,no,no,yes,0,no,semi-furnished,3500000
389,3650,3,1,2,yes,no,no,no,no,0,no,unfurnished,3500000
390,4600,4,1,2,yes,no,no,no,no,0,no,semi-furnished,3500000
391,2135,3,2,2,no,no,no,no,no,0,no,unfurnished,3500000
392,3036,3,1,2,yes,no,yes,no,no,0,no,semi-furnished,3500000
393,3990,3,1,2,yes,no,no,no,no,0,no,semi-furnished,3500000
394,7424,3,1,1,no,no,no,no,no,0,no,unfurnished,3500000
395,3480,3,1,1,no,no,no,no,yes,0,no,unfurnished,3500000
396,3600,6,1,2,yes,no,no,no,no,1,no,unfurnished,3500000
397,3640,2,1,1,yes,no,no,no,no,1,no,semi-furnished,3500000
398,5900,2,1,1,yes,no,no,no,no,1,no,furnished,3500000
399,3120,3,1,2,yes,no,no,no,no,1,no,unfurnished,3500000
400,7350,2,1,1,yes,no,no,no,no,1,no,semi-furnished,3500000
401,3512,2,1,1,yes,no,no,no,no,1,yes,unfurnished,3500000
402,9500,3,1,2,yes,no,no,no,no,3,yes,unfurnished,3500000
403,5880,2,1,1,yes,no,no,no,no,0,no,unfurnished,3500000
404,12944,3,1,1,yes,no,no,no,no,0,no,unfurnished,3500000
405,4900,3,1,2,no,no,no,no,no,0,no,unfurnished,3493000
406,3060,3,1,1,yes,no,no,no,no,0,no,unfurnished,3465000
407,5320,2,1,1,yes,no,no,no,no,1,yes,unfurnished,3465000
408,2145,3,1,3,yes,no,no,no,no,0,yes,furnished,3465000
409,4000,2,1,1,yes,no,no,no,no,0,no,unfurnished,3430000
410,3185,2,1,1,yes,no,no,no,no,2,no,unfurnished,3430000
411,3850,3,1,1,yes,no,no,no,no,0,no,unfurnished,3430000
412,2145,3,1,3,yes,no,no,no,no,0,yes,furnished,3430000
413,2610,3,1,2,yes,no,yes,no,no,0,yes,unfurnished,3430000
414,1950,3,2,2,yes,no,yes,no,no,0,yes,unfurnished,3430000
415,4040,2,1,1,yes,no,no,no,no,0,no,unfurnished,3423000
416,4785,3,1,2,yes,yes,yes,no,yes,1,no,furnished,3395000
417,3450,3,1,1,yes,no,yes,no,no,2,no,unfurnished,3395000
418,3640,2,1,1,yes,no,no,no,no,0,no,furnished,3395000
419,3500,4,1,2,yes,no,no,no,yes,2,no,unfurnished,3360000
420,4960,4,1,3,no,no,no,no,no,0,no,semi-furnished,3360000
421,4120,2,1,2,yes,no,no,no,no,0,no,unfurnished,3360000
422,4750,2,1,1,yes,no,no,no,no,0,no,unfurnished,3360000
423,3720,2,1,1,no,no,no,no,yes,0,no,unfurnished,3360000
424,3750,3,1,1,yes,no,no,no,no,0,no,unfurnished,3360000
425,3100,3,1,2,no,no,yes,no,no,0,no,semi-furnished,3360000
426,3185,2,1,1,yes,no,yes,no,no,2,no,furnished,3360000
427,2700,3,1,1,no,no,no,no,no,0,no,furnished,3353000
428,2145,3,1,2,yes,no,yes,no,no,0,yes,furnished,3332000
429,4040,2,1,1,yes,no,no,no,no,1,no,unfurnished,3325000
430,4775,4,1,2,yes,no,no,no,no,0,no,unfurnished,3325000
431,2500,2,1,1,no,no,no,no,yes,0,no,unfurnished,3290000
432,3180,4,1,2,yes,no,yes,no,yes,0,no,unfurnished,3290000
433,6060,3,1,1,yes,yes,yes,no,no,0,no,furnished,3290000
434,3480,4,1,2,no,no,no,no,no,1,no,semi-furnished,3290000
435,3792,4,1,2,yes,no,no,no,no,0,no,semi-furnished,3290000
436,4040,2,1,1,yes,no,no,no,no,0,no,unfurnished,3290000
437,2145,3,1,2,yes,no,yes,no,no,0,yes,furnished,3290000
438,5880,3,1,1,yes,no,no,no,no,1,no,unfurnished,3290000
439,4500,2,1,1,no,no,no,no,no,0,no,semi-furnished,3255000
440,3930,2,1,1,no,no,no,no,no,0,no,unfurnished,3255000
441,3640,4,1,2,yes,no,yes,no,no,0,no,unfurnished,3234000
442,4370,3,1,2,yes,no,no,no,no,0,no,unfurnished,3220000
443,2684,2,1,1,yes,no,no,no,yes,1,no,unfurnished,3220000
444,4320,3,1,1,no,no,no,no,no,1,no,unfurnished,3220000
445,3120,3,1,2,no,no,no,no,no,0,no,furnished,3220000
446,3450,1,1,1,yes,no,no,no,no,0,no,furnished,3150000
447,3986,2,2,1,no,yes,yes,no,no,1,no,unfurnished,3150000
448,3500,2,1,1,no,no,yes,no,no,0,no,semi-furnished,3150000
449,4095,2,1,1,yes,no,no,no,no,2,no,semi-furnished,3150000
450,1650,3,1,2,no,no,yes,no,no,0,no,unfurnished,3150000
451,3450,3,1,2,yes,no,yes,no,no,0,no,semi-furnished,3150000
452,6750,2,1,1,yes,no,no,no,no,0,no,semi-furnished,3150000
453,9000,3,1,2,yes,no,no,no,no,2,no,semi-furnished,3150000
454,3069,2,1,1,yes,no,no,no,no,1,no,unfurnished,3150000
455,4500,3,1,2,yes,no,no,no,yes,0,no,unfurnished,3143000
456,5495,3,1,1,yes,no,yes,no,no,0,no,unfurnished,3129000
457,2398,3,1,1,yes,no,no,no,no,0,yes,semi-furnished,3118850
458,3000,3,1,1,no,no,no,no,yes,0,no,unfurnished,3115000
459,3850,3,1,2,yes,no,no,no,no,0,no,unfurnished,3115000
460,3500,2,1,1,yes,no,no,no,no,0,no,unfurnished,3115000
461,8100,2,1,1,yes,no,no,no,no,1,no,unfurnished,3087000
462,4960,2,1,1,yes,no,yes,no,yes,0,no,unfurnished,3080000
463,2160,3,1,2,no,no,yes,no,no,0,no,semi-furnished,3080000
464,3090,2,1,1,yes,yes,yes,no,no,0,no,unfurnished,3080000
465,4500,2,1,2,yes,no,no,yes,no,1,no,semi-furnished,3080000
466,3800,2,1,1,yes,no,no,no,no,0,no,unfurnished,3045000
467,3090,3,1,2,no,no,no,no,no,0,no,semi-furnished,3010000
468,3240,3,1,2,yes,no,no,no,no,2,no,semi-furnished,3010000
469,2835,2,1,1,yes,no,no,no,no,0,no,semi-furnished,3010000
470,4600,2,1,1,yes,no,no,no,no,0,no,furnished,3010000
471,5076,3,1,1,no,no,no,no,no,0,no,unfurnished,3010000
472,3750,3,1,2,yes,no,no,no,no,0,no,unfurnished,3010000
473,3630,4,1,2,yes,no,no,no,no,3,no,semi-furnished,3010000
474,8050,2,1,1,yes,no,no,no,no,0,no,unfurnished,3003000
475,4352,4,1,2,no,no,no,no,no,1,no,unfurnished,2975000
476,3000,2,1,2,yes,no,no,no,no,0,no,semi-furnished,2961000
477,5850,3,1,2,yes,no,yes,no,no,1,no,unfurnished,2940000
478,4960,2,1,1,yes,no,no,no,no,0,no,unfurnished,2940000
479,3600,3,1,2,no,no,no,no,no,1,no,unfurnished,2940000
480,3660,4,1,2,no,no,no,no,no,0,no,unfurnished,2940000
481,3480,3,1,2,no,no,no,no,no,1,no,semi-furnished,2940000
482,2700,2,1,1,no,no,no,no,no,0,no,furnished,2940000
483,3150,3,1,2,no,no,no,no,no,0,no,unfurnished,2940000
484,6615,3,1,2,yes,no,no,no,no,0,no,semi-furnished,2940000
485,3040,2,1,1,no,no,no,no,no,0,no,unfurnished,2870000
486,3630,2,1,1,yes,no,no,no,no,0,no,unfurnished,2870000
487,6000,2,1,1,yes,no,no,no,no,0,no,semi-furnished,2870000
488,5400,4,1,2,yes,no,no,no,no,0,no,unfurnished,2870000
489,5200,4,1,3,yes,no,no,no,no,0,no,unfurnished,2852500
490,3300,3,1,2,no,no,no,no,no,1,no,semi-furnished,2835000
491,4350,3,1,2,no,no,no,yes,no,1,no,unfurnished,2835000
492,2640,2,1,1,no,no,no,no,no,1,no,furnished,2835000
493,2650,3,1,2,yes,no,yes,no,no,1,no,unfurnished,2800000
494,3960,3,1,1,yes,no,no,no,no,0,no,furnished,2800000
495,6800,2,1,1,yes,no,no,no,no,0,no,unfurnished,2730000
496,4000,3,1,2,yes,no,no,no,no,1,no,unfurnished,2730000
497,4000,2,1,1,yes,no,no,no,no,0,no,unfurnished,2695000
498,3934,2,1,1,yes,no,no,no,no,0,no,unfurnished,2660000
499,2000,2,1,2,yes,no,no,no,no,0,no,semi-furnished,2660000
500,3630,3,3,2,no,yes,no,no,no,0,no,unfurnished,2660000
501,2800,3,1,1,yes,no,no,no,no,0,no,unfurnished,2660000
502,2430,3,1,1,no,no,no,no,no,0,no,unfurnished,2660000
503,3480,2,1,1,yes,no,no,no,no,1,no,semi-furnished,2660000
504,4000,3,1,1,yes,no,no,no,no,0,no,semi-furnished,2660000
505,3185,2,1,1,yes,no,no,no,yes,0,no,unfurnished,2653000
506,4000,3,1,2,yes,no,no,no,yes,0,no,unfurnished,2653000
507,2910,2,1,1,no,no,no,no,no,0,no,unfurnished,2604000
508,3600,2,1,1,yes,no,no,no,no,0,no,unfurnished,2590000
509,4400,2,1,1,yes,no,no,no,no,0,no,unfurnished,2590000
510,3600,2,2,2,yes,no,yes,no,no,1,no,furnished,2590000
511,2880,3,1,1,no,no,no,no,no,0,no,unfurnished,2520000
512,3180,3,1,1,no,no,no,no,no,0,no,unfurnished,2520000
513,3000,2,1,2,yes,no,no,no,no,0,no,furnished,2520000
514,4400,3,1,2,yes,no,no,no,no,0,no,unfurnished,2485000
515,3000,3,1,2,no,no,no,no,no,0,no,semi-furnished,2485000
516,3210,3,1,2,yes,no,yes,no,no,0,no,unfurnished,2450000
517,3240,2,1,1,no,yes,no,no,no,1,no,unfurnished,2450000
518,3000,2,1,1,yes,no,no,no,no,1,no,unfurnished,2450000
519,3500,2,1,1,yes,yes,no,no,no,0,no,unfurnished,2450000
520,4840,2,1,2,yes,no,no,no,no,0,no,unfurnished,2450000
521,7700,2,1,1,yes,no,no,no,no,0,no,unfurnished,2450000
522,3635,2,1,1,no,no,no,no,no,0,no,unfurnished,2408000
523,2475,3,1,2,yes,no,no,no,no,0,no,furnished,2380000
524,2787,4,2,2,yes,no,no,no,no,0,no,furnished,2380000
525,3264,2,1,1,yes,no,no,no,no,0,no,unfurnished,2380000
526,3640,2,1,1,yes,no,no,no,no,0,no,unfurnished,2345000
527,3180,2,1,1,yes,no,no,no,no,0,no,unfurnished,2310000
528,1836,2,1,1,no,no,yes,no,no,0,no,semi-furnished,2275000
529,3970,1,1,1,no,no,no,no,no,0,no,unfurnished,2275000
530,3970,3,1,2,yes,no,yes,no,no,0,no,unfurnished,2275000
531,1950,3,1,1,no,no,no,yes,no,0,no,unfurnished,2240000
532,5300,3,1,1,no,no,no,no,yes,0,yes,unfurnished,2233000
533,3000,2,1,1,no,no,no,no,no,0,no,unfurnished,2135000
534,2400,3,1,2,yes,no,no,no,no,0,no,unfurnished,2100000
535,3000,4,1,2,yes,no,no,no,no,0,no,unfurnished,2100000
536,3360,2,1,1,yes,no,no,no,no,1,no,unfurnished,2100000
537,3420,5,1,2,no,no,no,no,no,0,no,unfurnished,1960000
538,1700,3,1,2,yes,no,no,no,no,0,no,unfurnished,1890000
539,3649,2,1,1,yes,no,no,no,no,0,no,unfurnished,1890000
540,2990,2,1,1,no,no,no,no,no,1,no,unfurnished,1855000
541,3000,2,1,1,yes,no,yes,no,no,2,no,unfurnished,1820000
542,2400,3,1,1,no,no,no,no,no,0,no,semi-furnished,1767150
543,3620,2,1,1,yes,no,no,no,no,0,no,unfurnished,1750000
544,2910,3,1,1,no,no,no,no,no,0,no,furnished,1750000
545,3850,3,1,2,yes,no,no,no,no,0,no,unfurnished,1750000
